fraction,n_train,model,seed_offset,test_accuracy,test_macro_f1,train_accuracy,train_test_gap,status
0.01,1089,gbdt,0,0.9959967279758069,0.978391621834387,1.0,0.00400327202419315,OK
0.01,1089,tabm,0,0.9981904714689406,0.9904053922637472,0.9990817263544536,0.0008912548855130042,OK
0.01,1089,ft_transformer,0,0.9970378265827178,0.9844038337258181,0.9990817263544536,0.002043899771735802,OK
0.01,1089,extra_trees,0,0.9967155817758168,0.9822493241243664,1.0,0.0032844182241832387,OK
0.01,1089,tabnet,0,0.9955877249516633,0.9775726538809475,0.9954086317722681,-0.00017909317939512892,OK
0.01,1089,gbdt,1,0.9971245847999604,0.9845285379809258,1.0,0.002875415200039644,OK
0.01,1089,tabm,1,0.9995414208517178,0.9975854462321849,1.0,0.00045857914828217883,OK
0.01,1089,ft_transformer,1,0.9992687521689554,0.9961859201572469,1.0,0.0007312478310446124,OK
0.01,1089,extra_trees,1,0.9984879282137723,0.9920294123265228,1.0,0.0015120717862276978,OK
0.01,1089,tabnet,1,0.990729264786079,0.9512641815715911,0.98989898989899,-0.0008302748870890886,OK
0.01,1089,gbdt,2,0.9958232115413217,0.9770907840735186,1.0,0.004176788458678304,OK
0.01,1089,tabm,2,0.9971121907689257,0.9844593200007795,1.0,0.0028878092310743453,OK
0.01,1089,ft_transformer,2,0.998103713251698,0.9898774901745305,1.0,0.0018962867483020007,OK
0.01,1089,extra_trees,2,0.9970006444896138,0.98369747013269,1.0,0.0029993555103862146,OK
0.01,1089,tabnet,2,0.9974220415447921,0.9861160803267958,0.9990817263544536,0.0016596848096614991,OK
0.05,5445,gbdt,0,0.9980913192206633,0.9901581835864451,1.0,0.0019086807793367022,OK
0.05,5445,tabm,0,0.999429874572406,0.9970888482002113,1.0,0.0005701254275940482,OK
0.05,5445,ft_transformer,0,0.9983020177482524,0.9913399474207715,0.9992653810835629,0.0009633633353104409,OK
0.05,5445,extra_trees,0,0.9990828417034356,0.995253300814889,1.0,0.0009171582965643577,OK
0.05,5445,tabnet,0,0.9978806206930743,0.9892444793725406,0.9990817263544536,0.0012011056613793203,OK
0.05,5445,gbdt,1,0.9987977789896386,0.9937736500799702,1.0,0.0012022210103613817,OK
0.05,5445,tabm,1,0.9994174805413713,0.9976774867181383,0.9996326905417815,0.00021521000041024863,OK
0.05,5445,ft_transformer,1,0.999392692479302,0.99783055780753,0.9998163452708907,0.0004236527915887356,OK
0.05,5445,extra_trees,1,0.9992315700758515,0.9963559279472918,1.0,0.0007684299241484949,OK
0.05,5445,tabnet,1,0.9981656834068713,0.9905619657988968,0.9976124885215795,-0.0005531948852918189,OK
0.05,5445,gbdt,2,0.9981161072827326,0.9901243927973526,1.0,0.0018838927172674103,OK
0.05,5445,tabm,2,0.9971493728620296,0.9858570495562757,0.9981634527089073,0.0010140798468776246,OK
0.05,5445,ft_transformer,2,0.9978930147241089,0.9895363442191956,0.9987144168962351,0.0008214021721262288,OK
0.05,5445,extra_trees,2,0.9989960834861931,0.9947611214462251,1.0,0.001003916513806935,OK
0.05,5445,tabnet,2,0.9941252292895741,0.9714896688707171,0.9955922865013774,0.001467057211803291,OK
0.1,10891,gbdt,0,0.9992191760448168,0.9959112172506654,1.0,0.0007808239551831964,OK
0.1,10891,tabm,0,0.999640573099995,0.9981648142720063,0.999449086401616,-0.00019148669837898424,OK
0.1,10891,ft_transformer,0,0.9996033910068911,0.9979736990701814,0.999816362133872,0.000212971126980932,OK
0.1,10891,extra_trees,0,0.9992439641068861,0.9961137383126578,1.0,0.0007560358931139044,OK
0.1,10891,tabnet,0,0.9984011699965297,0.9914985924575584,0.99816362133872,-0.00023754865780967194,OK
0.1,10891,gbdt,1,0.9991695999206782,0.9957412241022374,1.0,0.0008304000793217803,OK
0.1,10891,tabm,1,0.9994794506965445,0.9975681698897342,0.999357267468552,-0.0001221832279925117,OK
0.1,10891,ft_transformer,1,0.9994050865103367,0.9971279201598376,0.999449086401616,4.3999891279344894e-05,OK
0.1,10891,extra_trees,1,0.9994174805413713,0.9969896528198762,1.0,0.0005825194586287497,OK
0.1,10891,tabnet,1,0.9994794506965445,0.9973292921560151,0.999449086401616,-3.0364294928530988e-05,OK
0.1,10891,gbdt,2,0.9990208715482624,0.9950871698811028,1.0,0.000979128451737643,OK
0.1,10891,tabm,2,0.9990084775172277,0.9950294805205977,0.999265448535488,0.00025697101826038793,OK
0.1,10891,ft_transformer,2,0.9993679044172327,0.9970779886992442,0.999265448535488,-0.00010245588174462306,OK
0.1,10891,extra_trees,2,0.9992315700758515,0.996018037643552,1.0,0.0007684299241484949,OK
0.1,10891,tabnet,2,0.9966412175896089,0.9816177759834414,0.996694518409696,5.330082008714321e-05,OK
0.25,27230,gbdt,0,0.9992563581379208,0.996219476307772,1.0,0.0007436418620792029,OK
0.25,27230,tabm,0,0.9997769074413763,0.9988817202066617,0.9997796547925083,2.747351132037501e-06,OK
0.25,27230,ft_transformer,0,0.9995042387586138,0.9974430488113276,0.9995593095850165,5.507082640265892e-05,OK
0.25,27230,extra_trees,0,0.9994422686034405,0.997129617111268,1.0,0.0005577313965594577,OK
0.25,27230,tabnet,0,0.9983391998413564,0.9912913927575596,0.9982372383400661,-0.00010196150129038184,OK
0.25,27230,gbdt,1,0.999429874572406,0.9971170809909915,1.0,0.0005701254275940482,OK
0.25,27230,tabm,1,0.9999008477517227,0.9995364058722683,0.9998898273962541,-1.102035546862723e-05,OK
0.25,27230,ft_transformer,1,0.9997397253482723,0.9986950369296439,0.9997429305912596,3.205242987358581e-06,OK
0.25,27230,extra_trees,1,0.9995909969758564,0.9979028364961048,1.0,0.0004090030241435949,OK
0.25,27230,tabnet,1,0.9972733131723762,0.9852653898553175,0.9975027543150936,0.00022944114271739036,OK
0.25,27230,gbdt,2,0.9990208715482624,0.9952827366859394,1.0,0.000979128451737643,OK
0.25,27230,tabm,2,0.9997397253482723,0.9986920442422406,0.9998163789937569,7.66536454845923e-05,OK
0.25,27230,ft_transformer,2,0.9995414208517178,0.9979918368485329,0.9997429305912596,0.0002015097395418053,OK
0.25,27230,extra_trees,2,0.999392692479302,0.9968748356730593,1.0,0.0006073075206980416,OK
0.25,27230,tabnet,2,0.9992315700758515,0.9960314539479826,0.9992287917737789,-2.778302072625749e-06,OK
0.5,54461,gbdt,0,0.999392692479302,0.9968805565361917,1.0,0.0006073075206980416,OK
0.5,54461,tabm,0,0.9997769074413763,0.9988816013891822,0.9997245735480436,-5.233389333270111e-05,OK
0.5,54461,ft_transformer,0,0.9997645134103416,0.998816545016599,0.9995593176768697,-0.0002051957334718857,OK
0.5,54461,extra_trees,0,0.9997025432551683,0.998443529992323,1.0,0.00029745674483172557,OK
0.5,54461,tabnet,0,0.9978558326310049,0.9887838429506944,0.9981638236536237,0.0003079910226188032,OK
0.5,54461,gbdt,1,0.9994174805413713,0.9971195274031349,1.0,0.0005825194586287497,OK
0.5,54461,tabm,1,0.9997025432551683,0.998556102770834,0.9997429353115073,4.0392056338989235e-05,OK
0.5,54461,ft_transformer,1,0.9994918447275792,0.9974108303549475,0.9994675088595508,-2.4335868028413365e-05,OK
0.5,54461,extra_trees,1,0.9996157850379257,0.9980400764919176,1.0,0.00038421496207430295,OK
0.5,54461,tabnet,1,0.9985498983689455,0.9924532193745551,0.9986228677402178,7.29693712723245e-05,OK
0.5,54461,gbdt,2,0.9994918447275792,0.9975086162678631,1.0,0.0005081552724207627,OK
0.5,54461,tabm,2,0.9998140895344801,0.9990229322906122,0.9997612970749711,-5.279245950906564e-05,OK
0.5,54461,ft_transformer,2,0.9998512716275841,0.9993871899879777,0.9998714676557536,2.0196028169494618e-05,OK
0.5,54461,extra_trees,2,0.999714937286203,0.9985600225667866,1.0,0.0002850627137970241,OK
0.5,54461,tabnet,2,0.9992935402310248,0.9963685969689592,0.9992655294614495,-2.801076957525961e-05,OK
1.0,108923,gbdt,0,0.9995538148827524,0.9978316080386881,1.0,0.00044618511724758836,OK
1.0,108923,tabm,0,0.9998512716275841,0.9993302206969812,0.9997062144817899,-0.00014505714579426954,OK
1.0,108923,ft_transformer,0,0.9998884537206881,0.999471832893062,0.999862288038339,-2.616568234914407e-05,OK
1.0,108923,extra_trees,0,0.9998140895344801,0.9990815500413261,1.0,0.00018591046551985624,OK
1.0,108923,tabnet,0,0.9989341133310198,0.9945219447745633,0.9989809314837087,4.681815268892109e-05,OK
1.0,108923,gbdt,1,0.9996157850379257,0.9980992194788083,1.0,0.00038421496207430295,OK
1.0,108923,tabm,1,0.9998264835655148,0.9991460664195708,0.9997612992664543,-6.518429906055001e-05,OK
1.0,108923,ft_transformer,1,0.9999008477517227,0.9994786945060402,0.9998806496332271,-2.0198118495629025e-05,OK
1.0,108923,extra_trees,1,0.9998264835655148,0.999145267749994,1.0,0.00017351643448515475,OK
1.0,108923,tabnet,1,0.9992811461999901,0.996262975631168,0.9992012706223663,-7.987557762378916e-05,OK
1.0,108923,gbdt,2,0.9995662089137871,0.9978967801566577,1.0,0.00043379108621288687,OK
1.0,108923,tabm,2,0.9998264835655148,0.999147407842868,0.9996878528869018,-0.0001386306786130831,OK
1.0,108923,ft_transformer,2,0.999714937286203,0.9985097622243354,0.9996878528869018,-2.7084399301213757e-05,OK
1.0,108923,extra_trees,2,0.9998016955034456,0.9990165569711955,1.0,0.0001983044965544467,OK
1.0,108923,tabnet,2,0.9985746864310148,0.992508801378189,0.9985861571936139,1.1470762599108397e-05,OK
