size,features,silhouette,inertia,min_cluster_pct
1,ACCESS_TREND,0.934389974383076,44889.598975243825,0.35000743641862075
1,SIM_TECH,0.931984055577172,3462.608626101558,19.700560210202767
1,ATTENT_SIZE,0.8820375002593803,58246.32219266944,0.004461851172475335
1,SIM_ACCESS,0.8771993843119057,37320.13999323887,1.0158147836002183
1,ACCESS_SIZE,0.8360921198528347,38326.762661920504,1.3876357146398295
1,INVENT_APPL,0.6779133724055455,36340.10308134478,2.424768231619652
1,INVENT_DIVER,0.6380617797902355,25606.348260673945,18.270289028803727
2,ACCESS_TREND|ATTENT_SIZE,0.8822977394210682,184284.3521530213,0.004461851172475335
2,ACCESS_TREND|SIM_ACCESS,0.8741352782076073,153499.89960158878,2.0598879579594467
2,SIM_ACCESS|ATTENT_SIZE,0.8544757887483683,171800.9793940779,0.004461851172475335
2,ACCESS_SIZE|SIM_ACCESS,0.8464056975907209,83389.13388025563,1.1625601110505182
2,ACCESS_SIZE|ACCESS_TREND,0.8446617121539038,154407.88119134237,2.030142283476278
2,ACCESS_SIZE|ATTENT_SIZE,0.8188779092776753,172727.66855829788,0.004461851172475335
2,INVENT_APPL|ATTENT_SIZE,0.7745058059002237,169179.33827090487,0.004461851172475335
2,ACCESS_TREND|INVENT_APPL,0.7703369541965585,157283.3289789757,1.9805661593376631
2,SIM_ACCESS|INVENT_APPL,0.756770861324651,149834.58056529614,2.7732883843141143
2,ACCESS_TREND|SIM_TECH,0.7550411098746874,112130.01054983951,1.83035050319766
2,ACCESS_SIZE|INVENT_APPL,0.7438787992896122,152192.8945437225,3.772247285707203
2,SIM_ACCESS|SIM_TECH,0.7154648068861437,98298.36759704522,2.7673392494174807
2,ACCESS_SIZE|SIM_TECH,0.693314950074761,99780.84354177241,3.8619800703980958
2,SIM_TECH|ATTENT_SIZE,0.6926062643980889,128008.01354572213,0.004461851172475335
2,SIM_TECH|INVENT_APPL,0.6210975046070648,105956.74421730285,5.105349263794556
2,SIM_TECH|INVENT_DIVER,0.5347570040857176,104755.44182186123,21.53041495215904
2,ACCESS_TREND|INVENT_DIVER,0.5201089157827391,154152.449965195,1.83035050319766
2,SIM_ACCESS|INVENT_DIVER,0.4978449038460472,142216.4567836753,2.766347726934708
2,ACCESS_SIZE|INVENT_DIVER,0.4845368619599436,144249.5217767205,3.817857319914729
2,INVENT_DIVER|ATTENT_SIZE,0.48204415742466555,169072.77575155068,0.004461851172475335
2,INVENT_DIVER|INVENT_APPL,0.45016732425931827,140272.68072867914,4.680481879926628
3,ACCESS_SIZE|ACCESS_TREND|SIM_ACCESS,0.8552868092852531,232225.50770922477,2.030142283476278
3,ACCESS_SIZE|SIM_ACCESS|ATTENT_SIZE,0.851245574168205,250691.76744961648,0.004461851172475335
3,ACCESS_TREND|SIM_ACCESS|ATTENT_SIZE,0.8222055872828379,354385.0110604613,2.0618710029249914
3,ACCESS_SIZE|ACCESS_TREND|ATTENT_SIZE,0.7897097545656876,355145.35947686003,2.0628625254077635
3,ACCESS_TREND|INVENT_APPL|ATTENT_SIZE,0.7482935033217253,351983.0519529902,1.9994050865103368
3,SIM_ACCESS|INVENT_APPL|ATTENT_SIZE,0.7355989004807207,345643.93927581527,2.6805810321749046
3,ACCESS_TREND|SIM_ACCESS|INVENT_APPL,0.732899615260809,345723.6379213735,1.9949432353378613
3,ACCESS_SIZE|SIM_ACCESS|INVENT_APPL,0.7258970326133452,230192.4191153865,3.356799365425611
3,ACCESS_SIZE|INVENT_APPL|ATTENT_SIZE,0.7228857360542086,348244.82358324376,3.7434931337068065
3,ACCESS_SIZE|ACCESS_TREND|INVENT_APPL,0.7130218357400097,343930.20701665257,2.0068415051311286
3,ACCESS_SIZE|SIM_ACCESS|SIM_TECH,0.6535213218666867,176673.84394703334,3.3949729810123443
3,ACCESS_TREND|SIM_TECH|ATTENT_SIZE,0.6279786061425179,313738.86860330275,1.8323335481632046
3,ACCESS_TREND|SIM_ACCESS|SIM_TECH,0.6227092432293518,299874.0438071299,2.7673392494174807
3,ACCESS_SIZE|ACCESS_TREND|SIM_TECH,0.622001215679235,301090.9855858572,6.018541470427842
3,SIM_ACCESS|SIM_TECH|ATTENT_SIZE,0.6085433369455081,299283.2557464591,2.8030340587972833
3,ACCESS_SIZE|SIM_TECH|ATTENT_SIZE,0.594045214227695,300596.19361844566,3.868424966536116
3,SIM_TECH|INVENT_APPL|ATTENT_SIZE,0.5491745497442293,300788.27847350005,4.812354370135343
3,ACCESS_TREND|SIM_TECH|INVENT_APPL,0.5430629394965109,307523.463799052,5.124683952208616
3,SIM_ACCESS|SIM_TECH|INVENT_APPL,0.529689611722907,294927.66224685346,6.739874076644687
3,ACCESS_TREND|SIM_TECH|INVENT_DIVER,0.5274213069560291,242419.28311925614,1.7376431510584502
3,ACCESS_SIZE|SIM_TECH|INVENT_APPL,0.5155138852589425,293450.7324015854,7.497397253482722
3,SIM_ACCESS|SIM_TECH|INVENT_DIVER,0.5147318114735245,228246.27590138227,2.711813990382232
3,SIM_TECH|INVENT_DIVER|ATTENT_SIZE,0.5085581688352416,257198.98247698313,0.004461851172475335
3,ACCESS_SIZE|SIM_TECH|INVENT_DIVER,0.5062193719018558,230041.75612381086,3.736056715086015
3,SIM_TECH|INVENT_DIVER|INVENT_APPL,0.4854757708627826,231329.1484072736,5.074612066828616
3,ACCESS_SIZE|SIM_ACCESS|INVENT_DIVER,0.4572894152039517,221457.38349702102,3.333498587080462
3,ACCESS_TREND|INVENT_DIVER|ATTENT_SIZE,0.4414736144374778,354242.8097500219,1.8313420256804325
3,ACCESS_TREND|SIM_ACCESS|INVENT_DIVER,0.4290801344229615,343923.64315655513,2.7494918447275793
3,SIM_ACCESS|INVENT_DIVER|ATTENT_SIZE,0.428738331237434,342134.6660026198,2.7370978136929254
3,ACCESS_SIZE|ACCESS_TREND|INVENT_DIVER,0.42517877685659083,345363.74984371103,3.813395468742254
3,ACCESS_SIZE|INVENT_DIVER|ATTENT_SIZE,0.41938140136743385,344127.90995840274,3.7553914035000746
3,INVENT_DIVER|INVENT_APPL|ATTENT_SIZE,0.39837197170292665,334311.153941558,4.632393039512171
3,ACCESS_TREND|INVENT_DIVER|INVENT_APPL,0.3878036048125852,332740.7941937825,1.8333250706459767
3,SIM_ACCESS|INVENT_DIVER|INVENT_APPL,0.37939024447745706,321156.09605317016,2.685538644588766
3,ACCESS_SIZE|INVENT_DIVER|INVENT_APPL,0.3728772550285847,323552.9959336659,3.682018739774924
4,ACCESS_SIZE|ACCESS_TREND|SIM_ACCESS|ATTENT_SIZE,0.808587669387809,433330.8647583013,2.070794705269942
4,ACCESS_TREND|SIM_ACCESS|INVENT_APPL|ATTENT_SIZE,0.7140796219777837,541863.359354507,2.0122948787863764
4,ACCESS_SIZE|SIM_ACCESS|INVENT_APPL|ATTENT_SIZE,0.7121964853658431,426327.2912633879,3.3295324971493727
4,ACCESS_SIZE|ACCESS_TREND|SIM_ACCESS|INVENT_APPL,0.7041325300006335,431678.967326871,3.486688810668782
4,ACCESS_SIZE|ACCESS_TREND|INVENT_APPL|ATTENT_SIZE,0.6939896650558061,540517.0842896791,2.0291507609935056
4,ACCESS_SIZE|ACCESS_TREND|SIM_ACCESS|SIM_TECH,0.5759826870005942,378209.5059474555,3.394477219770958
4,ACCESS_SIZE|SIM_ACCESS|SIM_TECH|ATTENT_SIZE,0.5639023793986604,377793.21041134105,3.397947548460661
4,ACCESS_TREND|SIM_ACCESS|SIM_TECH|ATTENT_SIZE,0.5341456052483186,500857.7715484204,2.8074959099697585
4,ACCESS_SIZE|ACCESS_TREND|SIM_TECH|ATTENT_SIZE,0.5237739726956584,502152.0362691375,3.8753656239155223
4,ACCESS_SIZE|SIM_ACCESS|SIM_TECH|INVENT_DIVER,0.4878646337783395,306867.91962349776,3.3007783451489763
4,ACCESS_TREND|SIM_TECH|INVENT_APPL|ATTENT_SIZE,0.48341622702193565,502370.6769566643,4.806900996480095
4,ACCESS_TREND|SIM_TECH|INVENT_DIVER|ATTENT_SIZE,0.4798010297749929,444044.58520889306,1.7569778394725102
4,ACCESS_SIZE|SIM_ACCESS|SIM_TECH|INVENT_APPL,0.4768944123062297,375890.4121744605,3.3890238461157107
4,SIM_ACCESS|SIM_TECH|INVENT_APPL|ATTENT_SIZE,0.4747998200761257,491077.59042390744,6.397798820088245
4,SIM_ACCESS|SIM_TECH|INVENT_DIVER|ATTENT_SIZE,0.47145977299857345,429236.6487968945,2.7098309454166873
4,ACCESS_TREND|SIM_ACCESS|SIM_TECH|INVENT_APPL,0.46879251357774204,496480.65903785295,6.732933419265281
4,ACCESS_TREND|SIM_ACCESS|SIM_TECH|INVENT_DIVER,0.46660879867797156,429811.9946567117,2.712805512865004
4,ACCESS_SIZE|SIM_TECH|INVENT_DIVER|ATTENT_SIZE,0.46464001516158204,430848.2916097672,3.6636755738436366
4,ACCESS_SIZE|SIM_TECH|INVENT_APPL|ATTENT_SIZE,0.4631367598493607,489910.94237444433,7.092856080511625
4,ACCESS_SIZE|ACCESS_TREND|SIM_TECH|INVENT_DIVER,0.4597088388847132,431603.77628563024,3.736552476327401
4,ACCESS_SIZE|ACCESS_TREND|SIM_TECH|INVENT_APPL,0.4577145470458457,495007.60761248175,7.5028506271379705
4,SIM_TECH|INVENT_DIVER|INVENT_APPL|ATTENT_SIZE,0.4512961865941604,426305.6949969827,4.9273709781369295
4,ACCESS_TREND|SIM_TECH|INVENT_DIVER|INVENT_APPL,0.44113172128228634,432850.7780603821,5.100391651380695
4,SIM_ACCESS|SIM_TECH|INVENT_DIVER|INVENT_APPL,0.4308789724826308,420803.7303880248,6.634276932229438
4,ACCESS_SIZE|SIM_TECH|INVENT_DIVER|INVENT_APPL,0.42273149475081906,419492.43879428523,7.305537653066284
4,ACCESS_SIZE|ACCESS_TREND|SIM_ACCESS|INVENT_DIVER,0.401322862849602,422306.9370639569,3.2933419265281842
4,ACCESS_SIZE|SIM_ACCESS|INVENT_DIVER|ATTENT_SIZE,0.3986336201721447,421603.997991218,3.374646770115512
4,ACCESS_TREND|SIM_ACCESS|INVENT_DIVER|ATTENT_SIZE,0.3736161870264893,543839.2085221782,2.7375935749343117
4,ACCESS_SIZE|ACCESS_TREND|INVENT_DIVER|ATTENT_SIZE,0.36701114251847833,545833.8888421207,3.754399881017302
4,ACCESS_SIZE|SIM_ACCESS|INVENT_DIVER|INVENT_APPL,0.35642501121672404,400819.6481326409,3.3389519607357094
4,ACCESS_TREND|INVENT_DIVER|INVENT_APPL|ATTENT_SIZE,0.346549992557248,532981.606635406,1.8298547419562736
4,SIM_ACCESS|INVENT_DIVER|INVENT_APPL|ATTENT_SIZE,0.3406743837084125,521155.91120324313,2.6800852709335183
4,ACCESS_TREND|SIM_ACCESS|INVENT_DIVER|INVENT_APPL,0.3360834724560679,522923.1146155654,2.675623419761043
4,ACCESS_SIZE|INVENT_DIVER|INVENT_APPL|ATTENT_SIZE,0.33544451518890117,523474.5026656871,3.61310792722225
4,ACCESS_SIZE|ACCESS_TREND|INVENT_DIVER|INVENT_APPL,0.33238165239673895,525251.4237982864,3.661196767636706
5,ACCESS_SIZE|ACCESS_TREND|SIM_ACCESS|INVENT_APPL|ATTENT_SIZE,0.6733009114984427,627961.4898559491,3.3458926181151156
5,ACCESS_SIZE|ACCESS_TREND|SIM_ACCESS|SIM_TECH|ATTENT_SIZE,0.4995940972878287,579326.4017781956,3.395964503495117
5,ACCESS_SIZE|SIM_ACCESS|SIM_TECH|INVENT_DIVER|ATTENT_SIZE,0.44941002471933444,507995.4483194378,3.3310197808735316
5,ACCESS_SIZE|ACCESS_TREND|SIM_ACCESS|SIM_TECH|INVENT_DIVER,0.44436880556706904,508422.6709071747,3.30028258390759
5,ACCESS_SIZE|SIM_ACCESS|SIM_TECH|INVENT_APPL|ATTENT_SIZE,0.43122528365329316,577007.6173486577,3.376629815081057
5,ACCESS_TREND|SIM_ACCESS|SIM_TECH|INVENT_DIVER|ATTENT_SIZE,0.4286169606773174,630802.9729442743,2.6979326756234197
5,ACCESS_SIZE|ACCESS_TREND|SIM_ACCESS|SIM_TECH|INVENT_APPL,0.4263308505534753,577432.7825755522,3.387040801150166
5,ACCESS_SIZE|ACCESS_TREND|SIM_TECH|INVENT_DIVER|ATTENT_SIZE,0.4230589841444704,632411.1810148775,3.6636755738436366
5,ACCESS_TREND|SIM_ACCESS|SIM_TECH|INVENT_APPL|ATTENT_SIZE,0.4220831925870275,692646.1782460699,6.419612314709236
5,ACCESS_SIZE|ACCESS_TREND|SIM_TECH|INVENT_APPL|ATTENT_SIZE,0.4127102519841177,691472.2599169407,7.119627187546477
5,ACCESS_TREND|SIM_TECH|INVENT_DIVER|INVENT_APPL|ATTENT_SIZE,0.4110348395254951,627848.157582089,4.790540875514352
5,SIM_ACCESS|SIM_TECH|INVENT_DIVER|INVENT_APPL|ATTENT_SIZE,0.40273337672402,616905.1647976763,6.309057557880125
5,ACCESS_SIZE|SIM_ACCESS|SIM_TECH|INVENT_DIVER|INVENT_APPL,0.402492566341847,502576.5150714436,3.3211045560458086
5,ACCESS_SIZE|SIM_TECH|INVENT_DIVER|INVENT_APPL|ATTENT_SIZE,0.39556409360200706,615858.4368742484,6.952059887957959
5,ACCESS_TREND|SIM_ACCESS|SIM_TECH|INVENT_DIVER|INVENT_APPL,0.393112125636769,622324.8483840826,6.651628575677954
5,ACCESS_SIZE|ACCESS_TREND|SIM_TECH|INVENT_DIVER|INVENT_APPL,0.38614221492438244,621018.0615385094,7.32536810272173
5,ACCESS_SIZE|ACCESS_TREND|SIM_ACCESS|INVENT_DIVER|ATTENT_SIZE,0.35089041056889153,622636.2247762735,3.333498587080462
5,ACCESS_SIZE|SIM_ACCESS|INVENT_DIVER|INVENT_APPL|ATTENT_SIZE,0.32233282232828125,601033.6287923665,3.356799365425611
5,ACCESS_SIZE|ACCESS_TREND|SIM_ACCESS|INVENT_DIVER|INVENT_APPL,0.31930113903858065,602513.8145009949,3.3394477219770957
5,ACCESS_TREND|SIM_ACCESS|INVENT_DIVER|INVENT_APPL|ATTENT_SIZE,0.30449659284202274,722858.4919094285,2.6781022259679736
5,ACCESS_SIZE|ACCESS_TREND|INVENT_DIVER|INVENT_APPL|ATTENT_SIZE,0.2968565084721187,726655.2674177423,6.1588419017401215
6,ACCESS_SIZE|ACCESS_TREND|SIM_ACCESS|SIM_TECH|INVENT_DIVER|ATTENT_SIZE,0.4102754602218245,709550.5124841381,3.3320113033563032
6,ACCESS_SIZE|ACCESS_TREND|SIM_ACCESS|SIM_TECH|INVENT_APPL|ATTENT_SIZE,0.38674748838480627,778549.7496569246,3.378117098805215
6,ACCESS_SIZE|SIM_ACCESS|SIM_TECH|INVENT_DIVER|INVENT_APPL|ATTENT_SIZE,0.3773130338567417,703684.8416232115,3.308710525011155
6,ACCESS_SIZE|ACCESS_TREND|SIM_ACCESS|SIM_TECH|INVENT_DIVER|INVENT_APPL,0.36932490054858447,704142.2074300426,3.3211045560458086
6,ACCESS_TREND|SIM_ACCESS|SIM_TECH|INVENT_DIVER|INVENT_APPL|ATTENT_SIZE,0.36815590291353684,818438.4473602327,6.344752367259927
6,ACCESS_SIZE|ACCESS_TREND|SIM_TECH|INVENT_DIVER|INVENT_APPL|ATTENT_SIZE,0.36196951284043577,817390.1960623679,6.963462396509841
6,ACCESS_SIZE|ACCESS_TREND|SIM_ACCESS|INVENT_DIVER|INVENT_APPL|ATTENT_SIZE,0.29042828685977107,802735.301610908,3.3553120817014523
