size,features,silhouette,davies_bouldin,calinski_harabasz
3,ACCESS_SIZE|ACCESS_TREND|SIM_ACCESS,0.8492501530466426,0.5924350488596292,161949.16925116174
3,ACCESS_SIZE|ACCESS_TREND|SIM_TECH,0.6210203320296854,1.0701331035440507,101841.23943257042
3,ACCESS_SIZE|ACCESS_TREND|INVENT_DIVER,0.42846263167110327,0.8877294868306461,75857.34631148254
3,ACCESS_SIZE|ACCESS_TREND|INVENT_APPL,0.7073929320054361,1.046435732836185,76593.80461420544
3,ACCESS_SIZE|ACCESS_TREND|ATTENT_SIZE,0.7822420579881153,0.6597486696141708,70990.16397446337
3,ACCESS_SIZE|SIM_ACCESS|SIM_TECH,0.645605391076898,0.5435184118234613,244582.69051801055
3,ACCESS_SIZE|SIM_ACCESS|INVENT_DIVER,0.4545671855274787,0.7510935527412869,174728.00977305864
3,ACCESS_SIZE|SIM_ACCESS|INVENT_APPL,0.7178167424369479,0.6468121451287465,164270.60409954126
3,ACCESS_SIZE|SIM_ACCESS|ATTENT_SIZE,0.8443441563165114,0.46872122770423613,142590.82869760873
3,ACCESS_SIZE|SIM_TECH|INVENT_DIVER,0.5029891708548843,0.7426799823682032,164443.96498951057
3,ACCESS_SIZE|SIM_TECH|INVENT_APPL,0.5119040362070528,1.1179838161756577,107118.42052527823
3,ACCESS_SIZE|SIM_TECH|ATTENT_SIZE,0.594548093582816,0.6354037610029001,102174.67050798418
3,ACCESS_SIZE|INVENT_DIVER|INVENT_APPL,0.3727662906504659,0.9732596310944799,87769.41377254862
3,ACCESS_SIZE|INVENT_DIVER|ATTENT_SIZE,0.4216196340586678,0.847940734755,76491.87197038611
3,ACCESS_SIZE|INVENT_APPL|ATTENT_SIZE,0.7129622133542179,0.8028575526280086,74395.32434400632
3,ACCESS_TREND|SIM_ACCESS|SIM_TECH,0.6231757777477773,0.6308423933037838,102663.71965582858
3,ACCESS_TREND|SIM_ACCESS|INVENT_DIVER,0.4333861040825234,0.8327365931979447,76597.19097767105
3,ACCESS_TREND|SIM_ACCESS|INVENT_APPL,0.7304856703935834,1.0443123586982386,75673.37217713885
3,ACCESS_TREND|SIM_ACCESS|ATTENT_SIZE,0.8164165801727117,0.6385768172803558,71358.85904436003
3,ACCESS_TREND|SIM_TECH|INVENT_DIVER,0.5271951271925124,0.7145484733207855,150898.27263536953
3,ACCESS_TREND|SIM_TECH|INVENT_APPL,0.5470544126162972,0.7319314954592239,97601.20602088093
3,ACCESS_TREND|SIM_TECH|ATTENT_SIZE,0.6351202048373957,0.5948957025110918,93669.71801131632
3,ACCESS_TREND|INVENT_DIVER|INVENT_APPL,0.390018398833868,0.9114619921898813,82560.98105868346
3,ACCESS_TREND|INVENT_DIVER|ATTENT_SIZE,0.4464192945144384,0.788143698944051,71428.04231214758
3,ACCESS_TREND|INVENT_APPL|ATTENT_SIZE,0.7431013759520807,0.7164523462788642,72534.12429153679
3,SIM_ACCESS|SIM_TECH|INVENT_DIVER,0.5114214467590725,0.7197156348627254,166530.885658509
3,SIM_ACCESS|SIM_TECH|INVENT_APPL,0.5277433737660092,1.1123113283040478,106076.93977223703
3,SIM_ACCESS|SIM_TECH|ATTENT_SIZE,0.6088735069826752,0.613854663008331,103065.43138722808
3,SIM_ACCESS|INVENT_DIVER|INVENT_APPL,0.3787997980987821,0.9436372598738817,89177.16416822864
3,SIM_ACCESS|INVENT_DIVER|ATTENT_SIZE,0.43025436491627533,0.8241812459006685,77525.1331618274
3,SIM_ACCESS|INVENT_APPL|ATTENT_SIZE,0.7257182648435336,0.7751004300535289,75714.05173414851
3,SIM_TECH|INVENT_DIVER|INVENT_APPL,0.48422768013754375,0.7886790455475513,162967.49517907514
3,SIM_TECH|INVENT_DIVER|ATTENT_SIZE,0.5090892893886226,0.64716529050681,136431.57011811272
3,SIM_TECH|INVENT_APPL|ATTENT_SIZE,0.5519463756889716,0.7328133017221433,102044.97067945788
3,INVENT_DIVER|INVENT_APPL|ATTENT_SIZE,0.4004427671663145,0.9097314894361247,81699.42586046772
