experiment_id,feature_config,model,n_features,features,accuracy,macro_f1,macro_precision,macro_recall
fae_k3_k3_tabnet,fae_k3_k3,tabnet,3,"SIM_TECH, ACCESS_SIZE, SIM_ACCESS",FAILED,FAILED,FAILED,FAILED
fae_k3_k3_tabm,fae_k3_k3,tabm,3,"SIM_TECH, ACCESS_SIZE, SIM_ACCESS",FAILED,FAILED,FAILED,FAILED
fae_k3_k3_ft_transformer,fae_k3_k3,ft_transformer,3,"SIM_TECH, ACCESS_SIZE, SIM_ACCESS",FAILED,FAILED,FAILED,FAILED
fae_k3_k4_tabnet,fae_k3_k4,tabnet,3,"SIM_TECH, ACCESS_SIZE, SIM_ACCESS",FAILED,FAILED,FAILED,FAILED
fae_k3_k4_tabm,fae_k3_k4,tabm,3,"SIM_TECH, ACCESS_SIZE, SIM_ACCESS",FAILED,FAILED,FAILED,FAILED
fae_k3_k4_ft_transformer,fae_k3_k4,ft_transformer,3,"SIM_TECH, ACCESS_SIZE, SIM_ACCESS",FAILED,FAILED,FAILED,FAILED
fae_k3_k5_tabnet,fae_k3_k5,tabnet,3,"SIM_TECH, ACCESS_SIZE, SIM_ACCESS",FAILED,FAILED,FAILED,FAILED
fae_k3_k5_tabm,fae_k3_k5,tabm,3,"SIM_TECH, ACCESS_SIZE, SIM_ACCESS",FAILED,FAILED,FAILED,FAILED
fae_k3_k5_ft_transformer,fae_k3_k5,ft_transformer,3,"SIM_TECH, ACCESS_SIZE, SIM_ACCESS",FAILED,FAILED,FAILED,FAILED
fae_k4_k3_tabnet,fae_k4_k3,tabnet,4,"ACCESS_TREND, SIM_ACCESS, INVENT_DIVER, INVENT_APPL",FAILED,FAILED,FAILED,FAILED
fae_k4_k3_tabm,fae_k4_k3,tabm,4,"ACCESS_TREND, SIM_ACCESS, INVENT_DIVER, INVENT_APPL",FAILED,FAILED,FAILED,FAILED
fae_k4_k3_ft_transformer,fae_k4_k3,ft_transformer,4,"ACCESS_TREND, SIM_ACCESS, INVENT_DIVER, INVENT_APPL",FAILED,FAILED,FAILED,FAILED
fae_k4_k4_tabnet,fae_k4_k4,tabnet,4,"ACCESS_TREND, SIM_ACCESS, INVENT_DIVER, INVENT_APPL",FAILED,FAILED,FAILED,FAILED
fae_k4_k4_tabm,fae_k4_k4,tabm,4,"ACCESS_TREND, SIM_ACCESS, INVENT_DIVER, INVENT_APPL",FAILED,FAILED,FAILED,FAILED
fae_k4_k4_ft_transformer,fae_k4_k4,ft_transformer,4,"ACCESS_TREND, SIM_ACCESS, INVENT_DIVER, INVENT_APPL",FAILED,FAILED,FAILED,FAILED
fae_k4_k5_tabnet,fae_k4_k5,tabnet,4,"ACCESS_TREND, SIM_ACCESS, INVENT_DIVER, INVENT_APPL",FAILED,FAILED,FAILED,FAILED
fae_k4_k5_tabm,fae_k4_k5,tabm,4,"ACCESS_TREND, SIM_ACCESS, INVENT_DIVER, INVENT_APPL",FAILED,FAILED,FAILED,FAILED
fae_k4_k5_ft_transformer,fae_k4_k5,ft_transformer,4,"ACCESS_TREND, SIM_ACCESS, INVENT_DIVER, INVENT_APPL",FAILED,FAILED,FAILED,FAILED
fae_k5_k3_tabnet,fae_k5_k3,tabnet,5,"ACCESS_SIZE, INVENT_APPL, ACCESS_TREND, SIM_TECH, INVENT_DIVER",FAILED,FAILED,FAILED,FAILED
fae_k5_k3_tabm,fae_k5_k3,tabm,5,"ACCESS_SIZE, INVENT_APPL, ACCESS_TREND, SIM_TECH, INVENT_DIVER",FAILED,FAILED,FAILED,FAILED
fae_k5_k3_ft_transformer,fae_k5_k3,ft_transformer,5,"ACCESS_SIZE, INVENT_APPL, ACCESS_TREND, SIM_TECH, INVENT_DIVER",FAILED,FAILED,FAILED,FAILED
fae_k5_k4_tabnet,fae_k5_k4,tabnet,5,"ACCESS_SIZE, INVENT_APPL, ACCESS_TREND, SIM_TECH, INVENT_DIVER",FAILED,FAILED,FAILED,FAILED
fae_k5_k4_tabm,fae_k5_k4,tabm,5,"ACCESS_SIZE, INVENT_APPL, ACCESS_TREND, SIM_TECH, INVENT_DIVER",FAILED,FAILED,FAILED,FAILED
fae_k5_k4_ft_transformer,fae_k5_k4,ft_transformer,5,"ACCESS_SIZE, INVENT_APPL, ACCESS_TREND, SIM_TECH, INVENT_DIVER",FAILED,FAILED,FAILED,FAILED
fae_k5_k5_tabnet,fae_k5_k5,tabnet,5,"ACCESS_SIZE, INVENT_APPL, ACCESS_TREND, SIM_TECH, INVENT_DIVER",FAILED,FAILED,FAILED,FAILED
fae_k5_k5_tabm,fae_k5_k5,tabm,5,"ACCESS_SIZE, INVENT_APPL, ACCESS_TREND, SIM_TECH, INVENT_DIVER",FAILED,FAILED,FAILED,FAILED
fae_k5_k5_ft_transformer,fae_k5_k5,ft_transformer,5,"ACCESS_SIZE, INVENT_APPL, ACCESS_TREND, SIM_TECH, INVENT_DIVER",FAILED,FAILED,FAILED,FAILED
all7_k3_tabnet,all7_k3,tabnet,7,"ACCESS_SIZE, ACCESS_TREND, SIM_ACCESS, SIM_TECH, INVENT_DIVER, INVENT_APPL, ATTENT_SIZE",FAILED,FAILED,FAILED,FAILED
all7_k3_tabm,all7_k3,tabm,7,"ACCESS_SIZE, ACCESS_TREND, SIM_ACCESS, SIM_TECH, INVENT_DIVER, INVENT_APPL, ATTENT_SIZE",FAILED,FAILED,FAILED,FAILED
all7_k3_ft_transformer,all7_k3,ft_transformer,7,"ACCESS_SIZE, ACCESS_TREND, SIM_ACCESS, SIM_TECH, INVENT_DIVER, INVENT_APPL, ATTENT_SIZE",FAILED,FAILED,FAILED,FAILED
all7_k4_tabnet,all7_k4,tabnet,7,"ACCESS_SIZE, ACCESS_TREND, SIM_ACCESS, SIM_TECH, INVENT_DIVER, INVENT_APPL, ATTENT_SIZE",FAILED,FAILED,FAILED,FAILED
all7_k4_tabm,all7_k4,tabm,7,"ACCESS_SIZE, ACCESS_TREND, SIM_ACCESS, SIM_TECH, INVENT_DIVER, INVENT_APPL, ATTENT_SIZE",FAILED,FAILED,FAILED,FAILED
all7_k4_ft_transformer,all7_k4,ft_transformer,7,"ACCESS_SIZE, ACCESS_TREND, SIM_ACCESS, SIM_TECH, INVENT_DIVER, INVENT_APPL, ATTENT_SIZE",FAILED,FAILED,FAILED,FAILED
all7_k5_tabnet,all7_k5,tabnet,7,"ACCESS_SIZE, ACCESS_TREND, SIM_ACCESS, SIM_TECH, INVENT_DIVER, INVENT_APPL, ATTENT_SIZE",FAILED,FAILED,FAILED,FAILED
all7_k5_tabm,all7_k5,tabm,7,"ACCESS_SIZE, ACCESS_TREND, SIM_ACCESS, SIM_TECH, INVENT_DIVER, INVENT_APPL, ATTENT_SIZE",FAILED,FAILED,FAILED,FAILED
all7_k5_ft_transformer,all7_k5,ft_transformer,7,"ACCESS_SIZE, ACCESS_TREND, SIM_ACCESS, SIM_TECH, INVENT_DIVER, INVENT_APPL, ATTENT_SIZE",FAILED,FAILED,FAILED,FAILED
