latent_dim,layers,l1,k,recon_mse,silhouette_Z,sparsity_frac,ARI_vs_ref,NMI_vs_ref
8,1,0.0,3,0.00321,0.3491,0.188,0.0409,0.0494
16,1,0.0,3,0.00292,0.368,0.246,0.0399,0.0505
32,1,0.0,3,0.00269,0.3876,0.221,0.0428,0.0522
8,1,0.01,3,0.00398,0.4747,0.892,0.0425,0.0513
16,1,0.01,3,0.00312,0.4419,0.927,0.0441,0.0523
32,1,0.01,3,0.00351,0.3895,0.912,0.0401,0.0482
8,3,0.0,3,0.00225,0.3821,0.176,0.0379,0.0483
16,3,0.0,3,0.00172,0.3637,0.198,0.0372,0.0493
32,3,0.0,3,0.00123,0.3634,0.221,0.04,0.0532
8,3,0.01,3,0.00189,0.321,0.724,0.0408,0.0517
16,3,0.01,3,0.00161,0.3331,0.902,0.0416,0.0524
32,3,0.01,3,0.00109,0.3314,0.942,0.0375,0.0492
