K,fraction,n_trials,mode_subset,mode_rate,jaccard_mean,jaccard_std,freq_ACCESS_SIZE,freq_ACCESS_TREND,freq_SIM_ACCESS,freq_SIM_TECH,freq_INVENT_DIVER,freq_INVENT_APPL,freq_ATTENT_SIZE
3,0.5,5,ACCESS_SIZE|ATTENT_SIZE|SIM_TECH,0.2,0.32999999999999996,0.17916472867168917,0.8,0.4,0.4,0.2,0.8,0.2,0.2
3,0.75,5,ATTENT_SIZE|INVENT_APPL|INVENT_DIVER,0.4,0.43,0.23685438564654027,0.4,0.0,0.0,0.4,0.8,0.6,0.8
3,0.9,5,ACCESS_SIZE|ATTENT_SIZE|INVENT_DIVER,0.2,0.27999999999999997,0.19390719429665315,0.4,0.4,0.4,0.2,0.6,0.8,0.2
4,0.5,5,ACCESS_TREND|ATTENT_SIZE|INVENT_APPL|SIM_ACCESS,0.2,0.3942857142857143,0.14576096357873516,0.8,0.8,0.6,0.6,0.2,0.6,0.4
4,0.75,5,ACCESS_SIZE|ATTENT_SIZE|INVENT_DIVER|SIM_TECH,0.4,0.5066666666666666,0.20698899595013365,0.8,0.4,0.4,0.8,0.8,0.0,0.8
4,0.9,5,ACCESS_SIZE|ACCESS_TREND|ATTENT_SIZE|SIM_ACCESS,0.2,0.42857142857142855,0.18368858592367535,0.8,0.6,0.2,0.8,0.4,0.8,0.4
5,0.5,5,ACCESS_SIZE|ACCESS_TREND|INVENT_APPL|INVENT_DIVER|SIM_ACCESS,0.2,0.5238095238095238,0.11664236870396086,0.8,0.6,0.6,0.6,0.8,1.0,0.6
5,0.75,5,ACCESS_SIZE|ACCESS_TREND|ATTENT_SIZE|SIM_ACCESS|SIM_TECH,0.2,0.5238095238095238,0.11664236870396086,1.0,0.6,0.8,0.8,0.6,0.6,0.6
5,0.9,5,ACCESS_SIZE|ACCESS_TREND|ATTENT_SIZE|INVENT_DIVER|SIM_TECH,0.2,0.5238095238095238,0.11664236870396086,0.8,0.8,0.4,0.8,0.8,0.6,0.8
