K,fraction,trial,n_samples,seed,selected,recon_global,recon_sub,epochs_trained
3,0.5,0,100855,122,ACCESS_SIZE|ATTENT_SIZE|SIM_TECH,257688.03125,276744.0625,1000
3,0.5,1,100855,1122,ACCESS_SIZE|INVENT_DIVER|SIM_ACCESS,328800.53125,400291.09375,1000
3,0.5,2,100855,2122,ACCESS_TREND|INVENT_DIVER|SIM_ACCESS,316091.375,311070.96875,1000
3,0.5,3,100855,3122,ACCESS_SIZE|INVENT_APPL|INVENT_DIVER,313298.875,314698.53125,1000
3,0.5,4,100855,4122,ACCESS_SIZE|ACCESS_TREND|INVENT_DIVER,238706.046875,253326.296875,1000
3,0.75,0,151282,147,ACCESS_SIZE|ATTENT_SIZE|INVENT_APPL,468726.28125,613772.875,1000
3,0.75,1,151282,1147,ATTENT_SIZE|INVENT_APPL|INVENT_DIVER,423986.03125,657445.3125,1000
3,0.75,2,151282,2147,ACCESS_SIZE|INVENT_DIVER|SIM_TECH,384166.5625,545527.6875,924
3,0.75,3,151282,3147,ATTENT_SIZE|INVENT_APPL|INVENT_DIVER,518879.03125,554829.75,1000
3,0.75,4,151282,4147,ATTENT_SIZE|INVENT_DIVER|SIM_TECH,509924.75,598782.75,1000
3,0.9,0,181539,162,ACCESS_SIZE|ATTENT_SIZE|INVENT_DIVER,824068.875,829413.4375,448
3,0.9,1,181539,1162,ACCESS_SIZE|INVENT_APPL|INVENT_DIVER,502037.375,491905.40625,1000
3,0.9,2,181539,2162,ACCESS_TREND|INVENT_APPL|INVENT_DIVER,601343.1875,678841.4375,1000
3,0.9,3,181539,3162,INVENT_APPL|SIM_ACCESS|SIM_TECH,470223.6875,490166.8125,1000
3,0.9,4,181539,4162,ACCESS_TREND|INVENT_APPL|SIM_ACCESS,597635.8125,588115.0625,1000
4,0.5,0,100855,132,ACCESS_TREND|ATTENT_SIZE|INVENT_APPL|SIM_ACCESS,233148.8125,228206.015625,1000
4,0.5,1,100855,1132,ACCESS_SIZE|INVENT_APPL|SIM_ACCESS|SIM_TECH,186278.140625,312448.125,1000
4,0.5,2,100855,2132,ACCESS_SIZE|ACCESS_TREND|INVENT_DIVER|SIM_TECH,243228.515625,420538.875,984
4,0.5,3,100855,3132,ACCESS_SIZE|ACCESS_TREND|ATTENT_SIZE|SIM_TECH,203556.0,180546.78125,1000
4,0.5,4,100855,4132,ACCESS_SIZE|ACCESS_TREND|INVENT_APPL|SIM_ACCESS,226021.578125,292956.53125,1000
4,0.75,0,151282,157,ACCESS_TREND|ATTENT_SIZE|INVENT_DIVER|SIM_ACCESS,326769.65625,360921.96875,1000
4,0.75,1,151282,1157,ACCESS_SIZE|INVENT_DIVER|SIM_ACCESS|SIM_TECH,283937.875,418546.0625,1000
4,0.75,2,151282,2157,ACCESS_SIZE|ATTENT_SIZE|INVENT_DIVER|SIM_TECH,357691.53125,347277.28125,1000
4,0.75,3,151282,3157,ACCESS_SIZE|ACCESS_TREND|ATTENT_SIZE|SIM_TECH,243363.21875,272713.1875,1000
4,0.75,4,151282,4157,ACCESS_SIZE|ATTENT_SIZE|INVENT_DIVER|SIM_TECH,350564.46875,380346.15625,1000
4,0.9,0,181539,172,ACCESS_SIZE|ACCESS_TREND|ATTENT_SIZE|SIM_ACCESS,454094.75,545354.5,1000
4,0.9,1,181539,1172,ACCESS_SIZE|ACCESS_TREND|INVENT_APPL|SIM_TECH,292979.4375,314899.625,1000
4,0.9,2,181539,2172,ACCESS_SIZE|INVENT_APPL|INVENT_DIVER|SIM_TECH,379511.40625,449408.6875,1000
4,0.9,3,181539,3172,ACCESS_TREND|INVENT_APPL|INVENT_DIVER|SIM_TECH,576316.375,627192.625,1000
4,0.9,4,181539,4172,ACCESS_SIZE|ATTENT_SIZE|INVENT_APPL|SIM_TECH,459001.9375,547606.4375,1000
5,0.5,0,100855,142,ACCESS_SIZE|ACCESS_TREND|INVENT_APPL|INVENT_DIVER|SIM_ACCESS,78989.453125,199270.140625,1000
5,0.5,1,100855,1142,ACCESS_SIZE|ACCESS_TREND|INVENT_APPL|INVENT_DIVER|SIM_TECH,135962.75,143142.453125,1000
5,0.5,2,100855,2142,ACCESS_SIZE|ACCESS_TREND|ATTENT_SIZE|INVENT_APPL|SIM_ACCESS,148257.09375,197433.5,1000
5,0.5,3,100855,3142,ATTENT_SIZE|INVENT_APPL|INVENT_DIVER|SIM_ACCESS|SIM_TECH,119287.6875,115968.6796875,1000
5,0.5,4,100855,4142,ACCESS_SIZE|ATTENT_SIZE|INVENT_APPL|INVENT_DIVER|SIM_TECH,118935.90625,150601.390625,1000
5,0.75,0,151282,167,ACCESS_SIZE|ACCESS_TREND|ATTENT_SIZE|SIM_ACCESS|SIM_TECH,172881.125,265193.6875,1000
5,0.75,1,151282,1167,ACCESS_SIZE|ACCESS_TREND|ATTENT_SIZE|INVENT_APPL|INVENT_DIVER,120726.4296875,152007.96875,1000
5,0.75,2,151282,2167,ACCESS_SIZE|ACCESS_TREND|INVENT_APPL|SIM_ACCESS|SIM_TECH,231294.484375,268577.0625,1000
5,0.75,3,151282,3167,ACCESS_SIZE|INVENT_APPL|INVENT_DIVER|SIM_ACCESS|SIM_TECH,139162.484375,281120.46875,1000
5,0.75,4,151282,4167,ACCESS_SIZE|ATTENT_SIZE|INVENT_DIVER|SIM_ACCESS|SIM_TECH,181589.296875,302453.0,1000
5,0.9,0,181539,182,ACCESS_SIZE|ACCESS_TREND|ATTENT_SIZE|INVENT_DIVER|SIM_TECH,224451.09375,218949.390625,1000
5,0.9,1,181539,1182,ACCESS_TREND|ATTENT_SIZE|INVENT_DIVER|SIM_ACCESS|SIM_TECH,217264.34375,220061.765625,1000
5,0.9,2,181539,2182,ACCESS_SIZE|ATTENT_SIZE|INVENT_APPL|SIM_ACCESS|SIM_TECH,210418.640625,324913.0,1000
5,0.9,3,181539,3182,ACCESS_SIZE|ACCESS_TREND|ATTENT_SIZE|INVENT_APPL|INVENT_DIVER,127563.2890625,148755.484375,1000
5,0.9,4,181539,4182,ACCESS_SIZE|ACCESS_TREND|INVENT_APPL|INVENT_DIVER|SIM_TECH,193650.734375,216720.765625,1000
