tag,features,n_features,model,accuracy,macro_f1,macro_precision,macro_recall,status
silhouette_top1,"ACCESS_SIZE, ACCESS_TREND, SIM_ACCESS",3,gbdt,0.9996529671310297,0.9981750149662636,0.997815067555185,0.9985354703104631,OK
silhouette_top1,"ACCESS_SIZE, ACCESS_TREND, SIM_ACCESS",3,extra_trees,0.99946705666551,0.9962698070898504,0.9981753369288259,0.9943825661085329,OK
silhouette_top2,"ACCESS_SIZE, SIM_ACCESS, ATTENT_SIZE",3,gbdt,0.9997769074413763,0.9989709397142225,0.9987602284821991,0.9991819411748816,OK
silhouette_top2,"ACCESS_SIZE, SIM_ACCESS, ATTENT_SIZE",3,extra_trees,0.9998264835655148,0.9991996197777286,0.9989887635377791,0.9994107664382366,OK
silhouette_top3,"ACCESS_TREND, SIM_ACCESS, ATTENT_SIZE",3,gbdt,0.9998140895344801,0.9987816413416879,0.9992080002045857,0.99835593729013,OK
silhouette_top3,"ACCESS_TREND, SIM_ACCESS, ATTENT_SIZE",3,extra_trees,0.9997769074413763,0.9984112776127464,0.9986068842797119,0.9982159113942403,OK
silhouette_top4,"ACCESS_SIZE, ACCESS_TREND, ATTENT_SIZE",3,gbdt,0.9997025432551683,0.9983385765680356,0.9980763682986566,0.9986036251579419,OK
silhouette_top4,"ACCESS_SIZE, ACCESS_TREND, ATTENT_SIZE",3,extra_trees,0.9996033910068911,0.9977654104431295,0.9983469626821542,0.99718541981632,OK
silhouette_top5,"ACCESS_TREND, INVENT_APPL, ATTENT_SIZE",3,gbdt,0.9997273313172376,0.9986354883485123,0.9983706673578018,0.9989008930289461,OK
silhouette_top5,"ACCESS_TREND, INVENT_APPL, ATTENT_SIZE",3,extra_trees,0.9995538148827524,0.9967790041983439,0.9968907390450247,0.9966673538589531,OK
fae_k3,"SIM_TECH, ACCESS_SIZE, SIM_ACCESS",3,gbdt,0.9995538148827524,0.9978316080386881,0.9974435672221406,0.998220741790021,OK
fae_k3,"SIM_TECH, ACCESS_SIZE, SIM_ACCESS",3,extra_trees,0.9998140895344801,0.9990815500413261,0.9991976277136563,0.9989655665411971,OK
baseline_all7,"ACCESS_SIZE, ACCESS_TREND, SIM_ACCESS, SIM_TECH, INVENT_DIVER, INVENT_APPL, ATTENT_SIZE",7,gbdt,0.9985498983689455,0.9965418508493601,0.9959070153690099,0.9971792743664037,OK
baseline_all7,"ACCESS_SIZE, ACCESS_TREND, SIM_ACCESS, SIM_TECH, INVENT_DIVER, INVENT_APPL, ATTENT_SIZE",7,extra_trees,0.9983268058103217,0.9952786770102094,0.9958364128851449,0.9947242488695692,OK
